{
  "LSTM_Bi": {
    "val": {
      "MAE": 59.70430374145508,
      "RMSE": 61.208222758083124,
      "sMAPE": 1.7494688034057617
    },
    "test": {
      "MAE": 43.398685455322266,
      "RMSE": 59.29257024888321,
      "sMAPE": 0.4039749503135681
    }
  },
  "GRU_Bi": {
    "val": {
      "MAE": 62.47395706176758,
      "RMSE": 63.99606692626704,
      "sMAPE": 1.7511920928955078
    },
    "test": {
      "MAE": 39.582332611083984,
      "RMSE": 55.13170266436431,
      "sMAPE": 0.35754862427711487
    }
  }
}