{
  "RNN": {
    "val": {
      "MAE": 70.57579803466797,
      "RMSE": 72.23114549075247,
      "sMAPE": 1.7491216659545898
    },
    "test": {
      "MAE": 43.50941848754883,
      "RMSE": 55.86846735441424,
      "sMAPE": 0.42309054732322693
    }
  },
  "LSTM": {
    "val": {
      "MAE": 45.07162857055664,
      "RMSE": 48.7553082045945,
      "sMAPE": 1.7505767345428467
    },
    "test": {
      "MAE": 47.92142105102539,
      "RMSE": 57.205011407027314,
      "sMAPE": 0.5171983242034912
    }
  },
  "GRU": {
    "val": {
      "MAE": 45.969940185546875,
      "RMSE": 49.8233059562114,
      "sMAPE": 1.7558913230895996
    },
    "test": {
      "MAE": 54.78559875488281,
      "RMSE": 64.07448058704807,
      "sMAPE": 0.6130291819572449
    }
  }
}